{"cameraMode":{"drawMode":0,"name":"Shaded","section":"Shading Mode"},"sceneLighting":false,"audioPlay":false,"sceneViewState":{"showFog":true,"showMaterialUpdate":false,"showSkybox":false,"showFlares":true,"showImageEffects":true,"showParticleSystems":true},"in2DMode":false,"pivot":{"x":0.008655548095703125,"y":3.1875009536743166,"z":0.9922000169754028},"rotation":{"x":-0.00043607151019386947,"y":0.995958149433136,"z":-0.090189628303051,"w":-0.004484835546463728},"size":3.9864368438720705,"orthographic":false}