{"cameraMode":{"drawMode":0,"name":"Shaded","section":"Shading Mode"},"sceneLighting":false,"audioPlay":false,"sceneViewState":{"showFog":true,"showMaterialUpdate":false,"showSkybox":false,"showFlares":true,"showImageEffects":true,"showParticleSystems":true},"in2DMode":false,"pivot":{"x":0.6195348501205444,"y":2.9382803440093996,"z":1.0428588390350342},"rotation":{"x":-0.3216070234775543,"y":0.08532226085662842,"z":-0.029159044846892358,"w":-0.942600667476654},"size":14.704181671142579,"orthographic":false}