{"cameraMode":{"drawMode":0,"name":"Shaded","section":"Shading Mode"},"sceneLighting":true,"audioPlay":false,"sceneViewState":{"showFog":true,"showMaterialUpdate":false,"showSkybox":true,"showFlares":true,"showImageEffects":true,"showParticleSystems":true},"in2DMode":false,"pivot":{"x":484.26007080078127,"y":78.15338134765625,"z":286.6922912597656},"rotation":{"x":-0.10808718949556351,"y":0.8847092986106873,"z":-0.27100563049316409,"w":-0.3657096028327942},"size":457.1170959472656,"orthographic":false}
