{"cameraMode":{"drawMode":0,"name":"Shaded","section":"Shading Mode"},"sceneLighting":false,"audioPlay":false,"sceneViewState":{"showFog":true,"showMaterialUpdate":false,"showSkybox":false,"showFlares":true,"showImageEffects":true,"showParticleSystems":true},"in2DMode":false,"pivot":{"x":0.0,"y":2.3906660079956056,"z":0.3124995231628418},"rotation":{"x":0.03553055599331856,"y":-0.09252244234085083,"z":-0.0033087651245296,"w":-0.9951137900352478},"size":9.649948120117188,"orthographic":false}