{"cameraMode":{"drawMode":0,"name":"Shaded","section":"Shading Mode"},"sceneLighting":true,"audioPlay":false,"sceneViewState":{"showFog":true,"showMaterialUpdate":false,"showSkybox":true,"showFlares":true,"showImageEffects":true,"showParticleSystems":true},"in2DMode":false,"pivot":{"x":6.470938205718994,"y":0.4451162815093994,"z":86.52632141113281},"rotation":{"x":0.040954720228910449,"y":0.9465689659118652,"z":-0.14411315321922303,"w":0.28690865635871889},"size":6.068874835968018,"orthographic":false}