{"cameraMode":{"drawMode":0,"name":"Shaded","section":"Shading Mode"},"sceneLighting":false,"audioPlay":false,"sceneViewState":{"showFog":true,"showMaterialUpdate":false,"showSkybox":false,"showFlares":true,"showImageEffects":true,"showParticleSystems":true},"in2DMode":false,"pivot":{"x":9.5367431640625e-7,"y":-0.001129835844039917,"z":0.000001341104507446289},"rotation":{"x":-0.31727516651153567,"y":0.15330374240875245,"z":-0.05204082652926445,"w":-0.9344694018363953},"size":3.0124597549438478,"orthographic":false}