{"cameraMode":{"drawMode":0,"name":"Shaded","section":"Shading Mode"},"sceneLighting":false,"audioPlay":false,"sceneViewState":{"showFog":true,"showMaterialUpdate":false,"showSkybox":false,"showFlares":true,"showImageEffects":true,"showParticleSystems":true},"in2DMode":false,"pivot":{"x":0.037659525871276858,"y":0.4866134524345398,"z":0.004812717437744141},"rotation":{"x":-0.15517617762088777,"y":-0.3512917160987854,"z":0.05908026546239853,"w":-0.92145836353302},"size":3.7871358394622804,"orthographic":false}