{"cameraMode":{"drawMode":0,"name":"Shaded","section":"Shading Mode"},"sceneLighting":false,"audioPlay":false,"sceneViewState":{"showFog":true,"showMaterialUpdate":false,"showSkybox":false,"showFlares":true,"showImageEffects":true,"showParticleSystems":true},"in2DMode":false,"pivot":{"x":4.011398792266846,"y":2.047232151031494,"z":58.77071762084961},"rotation":{"x":0.6700459122657776,"y":0.036901310086250308,"z":-0.03341899439692497,"w":0.7407712936401367},"size":7.061990261077881,"orthographic":false}