{"cameraMode":{"drawMode":0,"name":"Shaded","section":"Shading Mode"},"sceneLighting":false,"audioPlay":false,"sceneViewState":{"showFog":true,"showMaterialUpdate":false,"showSkybox":false,"showFlares":true,"showImageEffects":true,"showParticleSystems":true},"in2DMode":false,"pivot":{"x":-0.0007205009460449219,"y":3.0402355194091799,"z":-0.1250009536743164},"rotation":{"x":-0.32089662551879885,"y":0.05847342684864998,"z":-0.019856451079249383,"w":-0.9451437592506409},"size":19.31694793701172,"orthographic":false}