{"cameraMode":{"drawMode":0,"name":"Shaded","section":"Shading Mode"},"sceneLighting":true,"audioPlay":false,"sceneViewState":{"showFog":true,"showMaterialUpdate":false,"showSkybox":true,"showFlares":true,"showImageEffects":true,"showParticleSystems":true},"in2DMode":false,"pivot":{"x":-4.698228359222412,"y":14.746514320373536,"z":10.615320205688477},"rotation":{"x":-0.5461531281471252,"y":-0.01924097165465355,"z":0.016948901116847993,"w":-0.8377802968025208},"size":63.159690856933597,"orthographic":false}