{"cameraMode":{"drawMode":0,"name":"Shaded","section":"Shading Mode"},"sceneLighting":false,"audioPlay":false,"sceneViewState":{"showFog":true,"showMaterialUpdate":false,"showSkybox":false,"showFlares":true,"showImageEffects":true,"showParticleSystems":true},"in2DMode":false,"pivot":{"x":0.000003814697265625,"y":4.249949932098389,"z":-1.0938987731933594},"rotation":{"x":-0.03673647344112396,"y":0.9580917954444885,"z":-0.24546532332897187,"w":-0.14333443343639375},"size":20.470380783081056,"orthographic":false}