{"cameraMode":{"drawMode":0,"name":"Shaded","section":"Shading Mode"},"sceneLighting":false,"audioPlay":false,"sceneViewState":{"showFog":true,"showMaterialUpdate":false,"showSkybox":false,"showFlares":true,"showImageEffects":true,"showParticleSystems":true},"in2DMode":false,"pivot":{"x":-0.0034847259521484377,"y":4.0,"z":0.6562851667404175},"rotation":{"x":-0.011452691629529,"y":0.988161563873291,"z":-0.12246818840503693,"w":-0.09216683357954025},"size":17.680461883544923,"orthographic":false}