{"cameraMode":{"drawMode":0,"name":"Shaded","section":"Shading Mode"},"sceneLighting":false,"audioPlay":false,"sceneViewState":{"showFog":true,"showMaterialUpdate":false,"showSkybox":false,"showFlares":true,"showImageEffects":true,"showParticleSystems":true},"in2DMode":false,"pivot":{"x":-4.76837158203125e-7,"y":4.0,"z":0.18755048513412476},"rotation":{"x":-0.31727516651153567,"y":0.15330374240875245,"z":-0.05204082652926445,"w":-0.9344694018363953},"size":23.904563903808595,"orthographic":false}