{"cameraMode":{"drawMode":0,"name":"Shaded","section":"Shading Mode"},"sceneLighting":false,"audioPlay":false,"sceneViewState":{"showFog":true,"showMaterialUpdate":false,"showSkybox":false,"showFlares":true,"showImageEffects":true,"showParticleSystems":true},"in2DMode":false,"pivot":{"x":1.3579201698303223,"y":-1.2911317348480225,"z":-0.0000013113021850585938},"rotation":{"x":-0.3656499981880188,"y":0.06578926742076874,"z":-0.025974925607442857,"w":-0.9280918836593628},"size":7.711802005767822,"orthographic":false}