{"cameraMode":{"drawMode":0,"name":"Shaded","section":"Shading Mode"},"sceneLighting":false,"audioPlay":false,"sceneViewState":{"showFog":true,"showMaterialUpdate":false,"showSkybox":false,"showFlares":true,"showImageEffects":true,"showParticleSystems":true},"in2DMode":false,"pivot":{"x":0.823569655418396,"y":0.01936548948287964,"z":-0.17608755826950074},"rotation":{"x":-0.3216070234775543,"y":0.08532226085662842,"z":-0.029159044846892358,"w":-0.942600667476654},"size":3.6839442253112795,"orthographic":false}