{"cameraMode":{"drawMode":0,"name":"Shaded","section":"Shading Mode"},"sceneLighting":false,"audioPlay":false,"sceneViewState":{"showFog":true,"showMaterialUpdate":false,"showSkybox":false,"showFlares":true,"showImageEffects":true,"showParticleSystems":true},"in2DMode":false,"pivot":{"x":-0.5193382501602173,"y":0.6037123203277588,"z":-0.0007531642913818359},"rotation":{"x":-0.10793693363666535,"y":-0.4764290153980255,"z":0.05898287892341614,"w":-0.8706023693084717},"size":2.821765899658203,"orthographic":false}