{"cameraMode":{"drawMode":0,"name":"Shaded","section":"Shading Mode"},"sceneLighting":false,"audioPlay":false,"sceneViewState":{"showFog":true,"showMaterialUpdate":false,"showSkybox":false,"showFlares":true,"showImageEffects":true,"showParticleSystems":true},"in2DMode":false,"pivot":{"x":1.0656070709228516,"y":-0.1808984875679016,"z":-0.13804250955581666},"rotation":{"x":-0.3216070234775543,"y":0.08532226085662842,"z":-0.029159044846892358,"w":-0.942600667476654},"size":3.811723232269287,"orthographic":false}