{"cameraMode":{"drawMode":0,"name":"Shaded","section":"Shading Mode"},"sceneLighting":false,"audioPlay":false,"sceneViewState":{"showFog":true,"showMaterialUpdate":false,"showSkybox":false,"showFlares":true,"showImageEffects":true,"showParticleSystems":true},"in2DMode":false,"pivot":{"x":-1.9999549388885499,"y":-0.062443751841783527,"z":2.00004506111145},"rotation":{"x":-0.3216070234775543,"y":0.08532226085662842,"z":-0.029159044846892358,"w":-0.942600667476654},"size":9.336311340332032,"orthographic":false}