{"cameraMode":{"drawMode":0,"name":"Shaded","section":"Shading Mode"},"sceneLighting":true,"audioPlay":false,"sceneViewState":{"showFog":true,"showMaterialUpdate":false,"showSkybox":true,"showFlares":true,"showImageEffects":true,"showParticleSystems":true},"in2DMode":false,"pivot":{"x":-20.038089752197267,"y":-22.35601043701172,"z":15.14113998413086},"rotation":{"x":-0.6564673185348511,"y":-0.0009801804553717375,"z":0.0055032335221767429,"w":-0.7548614740371704},"size":118.54620361328125,"orthographic":false}