{"cameraMode":{"drawMode":0,"name":"Shaded","section":"Shading Mode"},"sceneLighting":false,"audioPlay":false,"sceneViewState":{"showFog":true,"showMaterialUpdate":false,"showSkybox":false,"showFlares":true,"showImageEffects":true,"showParticleSystems":true},"in2DMode":false,"pivot":{"x":-6.109476089477539e-7,"y":-0.0005766302347183228,"z":0.0000011622905731201172},"rotation":{"x":-0.31727516651153567,"y":0.15330374240875245,"z":-0.05204082652926445,"w":-0.9344694018363953},"size":1.2902830839157105,"orthographic":false}