{"cameraMode":{"drawMode":0,"name":"Shaded","section":"Shading Mode"},"sceneLighting":true,"audioPlay":false,"sceneViewState":{"showFog":true,"showMaterialUpdate":false,"showSkybox":true,"showFlares":true,"showImageEffects":true,"showParticleSystems":true},"in2DMode":false,"pivot":{"x":454.9337158203125,"y":-18.208892822265626,"z":100.98541259765625},"rotation":{"x":0.08279367536306381,"y":0.9207852482795715,"z":-0.2662433087825775,"w":0.27574867010116579},"size":350.5852355957031,"orthographic":false}