{"cameraMode":{"drawMode":0,"name":"Shaded","section":"Shading Mode"},"sceneLighting":false,"audioPlay":false,"sceneViewState":{"showFog":true,"showMaterialUpdate":false,"showSkybox":false,"showFlares":true,"showImageEffects":true,"showParticleSystems":true},"in2DMode":false,"pivot":{"x":5.137450218200684,"y":0.4216630458831787,"z":0.03694725036621094},"rotation":{"x":0.07122314721345902,"y":-0.9289380311965942,"z":0.25439518690109255,"w":0.26001498103141787},"size":2.857884645462036,"orthographic":false}