{"cameraMode":{"drawMode":0,"name":"Shaded","section":"Shading Mode"},"sceneLighting":true,"audioPlay":false,"sceneViewState":{"showFog":true,"showMaterialUpdate":false,"showSkybox":true,"showFlares":true,"showImageEffects":true,"showParticleSystems":true},"in2DMode":false,"pivot":{"x":-5.946910381317139,"y":-6.07492208480835,"z":14.190479278564454},"rotation":{"x":-0.12419478595256806,"y":-0.06781820207834244,"z":0.008508258499205113,"w":-0.9899024367332459},"size":67.86666107177735,"orthographic":false}