{"cameraMode":{"drawMode":0,"name":"Shaded","section":"Shading Mode"},"sceneLighting":false,"audioPlay":false,"sceneViewState":{"showFog":true,"showMaterialUpdate":false,"showSkybox":false,"showFlares":true,"showImageEffects":true,"showParticleSystems":true},"in2DMode":false,"pivot":{"x":2.980232238769531e-7,"y":9.238719940185547e-7,"z":0.0000018477439880371094},"rotation":{"x":-0.31727516651153567,"y":0.15330374240875245,"z":-0.05204082652926445,"w":-0.9344694018363953},"size":2.0584115982055666,"orthographic":false}