{"cameraMode":{"drawMode":0,"name":"Shaded","section":"Shading Mode"},"sceneLighting":false,"audioPlay":false,"sceneViewState":{"showFog":true,"showMaterialUpdate":false,"showSkybox":false,"showFlares":true,"showImageEffects":true,"showParticleSystems":true},"in2DMode":false,"pivot":{"x":0.000003337860107421875,"y":4.249949932098389,"z":3.4374961853027345},"rotation":{"x":-0.00043607151019386947,"y":0.995958149433136,"z":-0.090189628303051,"w":-0.004484835546463728},"size":17.78670310974121,"orthographic":false}