{"cameraMode":{"drawMode":0,"name":"Shaded","section":"Shading Mode"},"sceneLighting":false,"audioPlay":false,"sceneViewState":{"showFog":true,"showMaterialUpdate":false,"showSkybox":false,"showFlares":true,"showImageEffects":true,"showParticleSystems":true},"in2DMode":false,"pivot":{"x":-0.0015020743012428284,"y":0.005028381943702698,"z":0.0000012218952178955079},"rotation":{"x":-0.31727516651153567,"y":0.15330374240875245,"z":-0.05204082652926445,"w":-0.9344694018363953},"size":0.3993881344795227,"orthographic":false}