{"cameraMode":{"drawMode":0,"name":"Shaded","section":"Shading Mode"},"sceneLighting":false,"audioPlay":false,"sceneViewState":{"showFog":true,"showMaterialUpdate":false,"showSkybox":false,"showFlares":true,"showImageEffects":true,"showParticleSystems":true},"in2DMode":false,"pivot":{"x":-0.0011240243911743165,"y":0.234375,"z":-0.0007714033126831055},"rotation":{"x":-0.15517617762088777,"y":-0.3512917160987854,"z":0.05908026546239853,"w":-0.92145836353302},"size":3.9754791259765627,"orthographic":false}