{"cameraMode":{"drawMode":0,"name":"Shaded","section":"Shading Mode"},"sceneLighting":true,"audioPlay":false,"sceneViewState":{"showFog":true,"showMaterialUpdate":false,"showSkybox":true,"showFlares":true,"showImageEffects":true,"showParticleSystems":true},"in2DMode":false,"pivot":{"x":-8.167220115661621,"y":0.5,"z":45.400001525878909},"rotation":{"x":0.652385413646698,"y":0.05240212380886078,"z":-0.045277852565050128,"w":0.7547026872634888},"size":7.711869716644287,"orthographic":false}