{"cameraMode":{"drawMode":0,"name":"Shaded","section":"Shading Mode"},"sceneLighting":false,"audioPlay":false,"sceneViewState":{"showFog":true,"showMaterialUpdate":false,"showSkybox":false,"showFlares":true,"showImageEffects":true,"showParticleSystems":true},"in2DMode":false,"pivot":{"x":-1.8799999952316285,"y":-3.819999933242798,"z":2.7151851654052736},"rotation":{"x":-0.6795651912689209,"y":-0.012764404527842999,"z":0.01182742603123188,"w":-0.7334088087081909},"size":1.1953105926513672,"orthographic":false}