{"cameraMode":{"drawMode":0,"name":"Shaded","section":"Shading Mode"},"sceneLighting":true,"audioPlay":false,"sceneViewState":{"showFog":true,"showMaterialUpdate":false,"showSkybox":true,"showFlares":true,"showImageEffects":true,"showParticleSystems":true},"in2DMode":false,"pivot":{"x":4.947553634643555,"y":1.8663125038146973,"z":-1.466653823852539},"rotation":{"x":0.13485746085643769,"y":-0.28547799587249758,"z":0.04061153903603554,"w":0.9479820728302002},"size":23.03580665588379,"orthographic":false}