{"cameraMode":{"drawMode":0,"name":"Shaded","section":"Shading Mode"},"sceneLighting":true,"audioPlay":false,"sceneViewState":{"showFog":true,"showMaterialUpdate":false,"showSkybox":true,"showFlares":true,"showImageEffects":true,"showParticleSystems":true},"in2DMode":false,"pivot":{"x":22.616832733154298,"y":3.3297500610351564,"z":52.5071907043457},"rotation":{"x":-0.5966679453849793,"y":-0.0007455834420397878,"z":0.0005066400044597685,"w":-0.802545964717865},"size":36.702632904052737,"orthographic":false}