{"cameraMode":{"drawMode":0,"name":"Shaded","section":"Shading Mode"},"sceneLighting":true,"audioPlay":false,"sceneViewState":{"showFog":true,"showMaterialUpdate":false,"showSkybox":true,"showFlares":true,"showImageEffects":true,"showParticleSystems":true},"in2DMode":false,"pivot":{"x":-2.5265064239501955,"y":8.74991226196289,"z":13.633936882019043},"rotation":{"x":-0.25139448046684267,"y":0.5471915602684021,"z":-0.1766640543937683,"w":-0.7785892486572266},"size":40.77128601074219,"orthographic":false}