{"cameraMode":{"drawMode":0,"name":"Shaded","section":"Shading Mode"},"sceneLighting":false,"audioPlay":false,"sceneViewState":{"showFog":true,"showMaterialUpdate":false,"showSkybox":false,"showFlares":true,"showImageEffects":true,"showParticleSystems":true},"in2DMode":false,"pivot":{"x":-4.5,"y":0.5406004786491394,"z":-0.5029149055480957},"rotation":{"x":-0.19377541542053224,"y":0.8060075044631958,"z":-0.39062604308128359,"w":-0.40019237995147707},"size":3.029283285140991,"orthographic":false}