{"cameraMode":{"drawMode":0,"name":"Shaded","section":"Shading Mode"},"sceneLighting":false,"audioPlay":false,"sceneViewState":{"showFog":true,"showMaterialUpdate":false,"showSkybox":false,"showFlares":true,"showImageEffects":true,"showParticleSystems":true},"in2DMode":false,"pivot":{"x":-4.528570175170898,"y":0.39252328872680666,"z":-0.9214644432067871},"rotation":{"x":0.09756821393966675,"y":0.7730803489685059,"z":-0.12244418263435364,"w":0.6146062016487122},"size":1.727783203125,"orthographic":false}