{"cameraMode":{"drawMode":0,"name":"Shaded","section":"Shading Mode"},"sceneLighting":true,"audioPlay":false,"sceneViewState":{"showFog":true,"showMaterialUpdate":false,"showSkybox":true,"showFlares":true,"showImageEffects":true,"showParticleSystems":true},"in2DMode":false,"pivot":{"x":8.356407165527344,"y":0.6558098793029785,"z":92.95354461669922},"rotation":{"x":-0.26491841673851015,"y":-0.10393068194389343,"z":0.028532961383461953,"w":-0.9581990242004395},"size":5.99857759475708,"orthographic":false}