{"cameraMode":{"drawMode":0,"name":"Shaded","section":"Shading Mode"},"sceneLighting":true,"audioPlay":false,"sceneViewState":{"showFog":true,"showMaterialUpdate":false,"showSkybox":true,"showFlares":true,"showImageEffects":true,"showParticleSystems":true},"in2DMode":false,"pivot":{"x":6.903176784515381,"y":-7.23502254486084,"z":65.7507553100586},"rotation":{"x":-0.5124576687812805,"y":0.019254514947533609,"z":-0.01165839098393917,"w":-0.8583829998970032},"size":18.942581176757814,"orthographic":false}