{"cameraMode":{"drawMode":0,"name":"Shaded","section":"Shading Mode"},"sceneLighting":true,"audioPlay":false,"sceneViewState":{"showFog":true,"showMaterialUpdate":false,"showSkybox":true,"showFlares":true,"showImageEffects":true,"showParticleSystems":true},"in2DMode":false,"pivot":{"x":-0.38873112201690676,"y":0.566533088684082,"z":6.927484512329102},"rotation":{"x":0.7056114077568054,"y":0.002140872413292527,"z":-0.002094560768455267,"w":0.7085658311843872},"size":16.84954261779785,"orthographic":false}