{"cameraMode":{"drawMode":0,"name":"Shaded","section":"Shading Mode"},"sceneLighting":true,"audioPlay":false,"sceneViewState":{"showFog":true,"showMaterialUpdate":false,"showSkybox":true,"showFlares":true,"showImageEffects":true,"showParticleSystems":true},"in2DMode":false,"pivot":{"x":-12.900449752807618,"y":-0.023657066747546197,"z":7.004918575286865},"rotation":{"x":0.7056114077568054,"y":0.002140872413292527,"z":-0.002094560768455267,"w":0.7085658311843872},"size":14.003201484680176,"orthographic":false}